<addon id="script.module.fenomscrapers" name="FenomScrapers Module" version="1.5.3" provider-name="Mr-Kodi">
	<requires>
		<import addon="script.module.requests" />
		<import addon="script.module.myaccounts" version="1.0.0" />
	</requires>
	<extension point="xbmc.python.pluginsource" library="lib/default.py">
		<provides>executable</provides>
	</extension> 
	<extension point="xbmc.service" library="lib/service.py" start="startup" />
	<extension point="xbmc.python.module" library="lib" /> <!-- Must be placed after xbmc.python.pluginsource, otherwise the addon does not show in the repository. -->
	<extension point="xbmc.addon.metadata">
		<reuselanguageinvoker>false</reuselanguageinvoker>
		<summary lang="en">FenomScrapers Module</summary>
		<description>Scrape common video host for URL's to be playable in Kodi, simplifying addon development of video plugins requiring multi video hosts.</description>
		<platform>all</platform>
		<license>GNU GENERAL PUBLIC LICENSE. Version 3, 29 June 2007</license>
		<forum></forum>
		<website>https://github.com/Mr-Kodi/repository.fenomscrapers</website>
		<source>https://github.com/Mr-Kodi/repository.fenomscrapers</source>
		<disclaimer lang="en">The author is not responsible for the use of this addon. The author is not responsible for the content found using this addon. The author does not host or own any content found within this addon.[CR]The author is in no way affiliated with Kodi, Team Kodi, or the XBMC Foundation.[CR]This is a Non-profit resource, organized solely for educational purposes which is protected under the Fair-Use doctrine of the Copyright Act, Specifically section 107, which does promote freedom of expression, by permitting the unlicensed use of copyright-protected works.</disclaimer>
		<assets>
			<icon>icon.png</icon>
			<fanart>fanart.png</fanart>
			<screenshot></screenshot>
		</assets>
		<news>
[B][COLOR red]Update - v1.5.3 - Sept. 21, 2021[/COLOR][/B]
[COLOR yellow]--[/COLOR][I] Added quality check for 1O8Op and 72Op where some uploaders are using the letter "O" vs a zero.[/I]
[COLOR yellow]--[/COLOR][I] EasyNews tweaks and now pulls in a few additional sources.[/I]
[COLOR yellow]--[/COLOR][I] Library scraper tweaks, source file name was not being passed.[/I]
		</news>
	</extension>
</addon>